{
	"format_version": "1.8.0",
	"animations": {
		"animation.model.draw": {
			"loop": true,
			"animation_length": 1.0333,
			"bones": {
				"main": {
					"rotation": {
						"0.0": {
							"vector": [39.71128, -17.67415, -14.15251]
						},
						"0.1667": {
							"vector": [37.17, -5.07, -21.86]
						},
						"0.2667": {
							"vector": [25.68, 6.91, -19.1]
						},
						"0.3667": {
							"vector": [14.13, 9.92, -15.38]
						},
						"0.4667": {
							"vector": [-0.58107, 5.56477, -4.98107]
						},
						"0.6333": {
							"vector": [-5.94, -2.34, -3.94]
						},
						"0.8": {
							"vector": [4.23, -0.17, -1.97]
						},
						"1.0": {
							"vector": [0.8, 0, 0]
						}
					},
					"position": {
						"0.0": {
							"vector": [0, -19, 0]
						},
						"0.3333": {
							"vector": [-0.73, -12.6, 0]
						},
						"0.6": {
							"vector": [-1.4, -1.9, 0]
						},
						"0.7333": {
							"vector": [-0.78, 0.96, 0]
						},
						"0.8667": {
							"vector": [0, 0, 0]
						}
					}
				}
			},
			"sound_effects": {
				"0.2333": {
					"effect": "launcher_draw"
				}
			}
		},
		"animation.model.fire": {
			"loop": true,
			"animation_length": 0.7,
			"bones": {
				"rocket": {
					"position": {
						"vector": [0, 0, 0]
					},
					"scale": {
						"0.0": {
							"vector": [1, 1, 1]
						},
						"0.0333": {
							"vector": [0, 0, 0]
						}
					}
				},
				"main": {
					"rotation": {
						"0.0": {
							"vector": [0, 0, 0]
						},
						"0.1": {
							"vector": [-2.33, 1.41, -1.03]
						},
						"0.3667": {
							"vector": [-0.39477, 0.82629, -1.96767]
						},
						"0.6667": {
							"vector": [0, 0, 0]
						}
					},
					"position": {
						"0.0": {
							"vector": [0, 0, 0]
						},
						"0.0333": {
							"vector": [0, 0, 4.4]
						},
						"0.1": {
							"vector": [0, 0, 3.84]
						},
						"0.4667": {
							"vector": [0, 0, 0]
						},
						"0.6667": {
							"vector": [0, 0, 0]
						}
					}
				}
			}
		},
		"animation.model.reload": {
			"loop": true,
			"animation_length": 7.7667,
			"bones": {
				"rocket": {
					"rotation": {
						"0.0": {
							"vector": [0, 0, 0]
						},
						"0.7333": {
							"vector": [0, 0, 0]
						},
						"1.2667": {
							"vector": [188.23785, -135.82818, -136.13061]
						},
						"2.0333": {
							"vector": [188.24, -135.83, -136.13]
						},
						"2.3": {
							"vector": [186.87996, -163.88154, -127.32566]
						},
						"2.5333": {
							"vector": [204.21094, -188.26926, -72.48515]
						},
						"2.9333": {
							"vector": [199.61254, -185.64114, -77.21213]
						},
						"3.0": {
							"vector": [199.61254, -185.64114, -77.21213]
						},
						"3.2333": {
							"vector": [194.79111, -185.64114, -77.21213]
						},
						"3.5": {
							"vector": [187.34111, -185.64114, -77.21213]
						},
						"3.7667": {
							"vector": [187.34111, -185.64114, -77.21213]
						},
						"3.9667": {
							"vector": [187.29111, -185.64114, -77.21213]
						},
						"4.2": {
							"vector": [178.78468, -182.90058, -39.70122]
						},
						"4.5667": {
							"vector": [178.78468, -182.90058, -39.70122]
						},
						"4.6333": {
							"vector": [178.78468, -182.90058, -39.70122]
						},
						"5.0667": {
							"vector": [180, -180, 0]
						},
						"6.4": {
							"vector": [180, -180, 0]
						},
						"6.6333": {
							"vector": [0, 0, 0]
						}
					},
					"position": {
						"0.0": {
							"vector": [0, 0, 0]
						},
						"0.7333": {
							"vector": [19.38896, -4.59504, 55.31685]
						},
						"1.2667": {
							"vector": [48.93784, -14.08341, 38.17387]
						},
						"2.0333": {
							"vector": [48.94, -14.08, 38.17]
						},
						"2.3": {
							"vector": [24.18991, -8.74873, -2.12899]
						},
						"2.5333": {
							"vector": [9.68771, -2.99559, -22.71807]
						},
						"2.9333": {
							"vector": [18.5215, 0.86144, -37.37071]
						},
						"3.0": {
							"vector": [18.5215, 0.86144, -37.37071]
						},
						"3.2333": {
							"vector": [13.02307, 1.87825, -35.10514]
						},
						"3.5": {
							"vector": [6.05331, 2.62435, -26.81697]
						},
						"3.7667": {
							"vector": [6.05331, 2.62435, -26.81697]
						},
						"3.9667": {
							"vector": [5.3818, 2.30042, -22.14466]
						},
						"4.1": {
							"vector": [2.62896, 1.07517, -19.14097]
						},
						"4.2": {
							"vector": [1.13109, 1.80008, -17.01335]
						},
						"4.5667": {
							"vector": [1.13109, 1.80008, -17.01335]
						},
						"4.6333": {
							"vector": [1.13109, 1.80008, -17.01335]
						},
						"5.0667": {
							"vector": [0, 0, 0]
						},
						"6.4": {
							"vector": [0, 0, 0]
						},
						"6.6333": {
							"vector": [0, 0, 0]
						}
					},
					"scale": {
						"0.0": {
							"vector": [0, 0, 0]
						},
						"1.0": {
							"vector": [0, 0, 0]
						},
						"1.0667": {
							"vector": [1, 1, 1]
						},
						"6.4": {
							"vector": [1, 1, 1]
						},
						"6.4333": {
							"vector": [0, 0, 0]
						},
						"6.6": {
							"vector": [0, 0, 0]
						},
						"6.6333": {
							"vector": [1, 1, 1]
						}
					}
				},
				"main": {
					"rotation": {
						"0.0": {
							"vector": [0, 0, 0]
						},
						"0.3667": {
							"vector": [-40.24, -1.5, 2.83]
						},
						"0.6333": {
							"vector": [-52.13499, -9.66976, 10.69283]
						},
						"0.8667": {
							"vector": [-34.63, -27.17, 18.99]
						},
						"1.0667": {
							"vector": [-32.17, -34.87, 10.69]
						},
						"1.2333": {
							"vector": [-36.98, -31.47, 3.69]
						},
						"1.4": {
							"vector": [-40.97, -25.57, -5.31]
						},
						"1.7333": {
							"vector": [-47.53, -25.57, -13.31]
						},
						"2.0": {
							"vector": [-47.53, -25.57, 0.24]
						},
						"2.2333": {
							"vector": [-47.53, -40.77, 11.19]
						},
						"2.6667": {
							"vector": [-50.08, -50.9, 32.35]
						},
						"2.8333": {
							"vector": [-50.93119, -47.19334, 37.19167]
						},
						"3.1": {
							"vector": [-60.03119, -46.39334, 40.49167]
						},
						"3.2": {
							"vector": [-57.53, -42.99, 43.09]
						},
						"3.4": {
							"vector": [-52.53, -39.49, 46.19]
						},
						"3.5333": {
							"vector": [-55.83, -44.69, 47.09]
						},
						"3.6667": {
							"vector": [-56.14, -38.71, 46.69]
						},
						"3.7667": {
							"vector": [-56.31, -39.59, 40.49]
						},
						"3.9667": {
							"vector": [-50.72, -34.49, 44.89]
						},
						"4.2": {
							"vector": [-57.03, -46.39, 44.89]
						},
						"4.4333": {
							"vector": [-58.33, -39.59, 40.49]
						},
						"4.6667": {
							"vector": [-48.46, -42.09, 40.49]
						},
						"4.8667": {
							"vector": [-47.01, -33.79, 46.69]
						},
						"5.0": {
							"vector": [-51.45, -28.8, 46.69]
						},
						"5.1": {
							"vector": [-53.77, -31.29, 46.69]
						},
						"5.2667": {
							"vector": [-53.86, -36.29, 40.49]
						},
						"5.4333": {
							"vector": [-53.95, -38.89, 40.49]
						},
						"5.6": {
							"vector": [-55.63, -39.59, 40.49]
						},
						"5.7333": {
							"vector": [-58.11, -39.59, 40.49]
						},
						"5.9333": {
							"vector": [-47.73, -39.59, 30.99]
						},
						"6.1333": {
							"vector": [-36.23, -29.57, 15.51]
						},
						"6.2667": {
							"vector": [-9.71, -24.37, 2.53]
						},
						"6.4": {
							"vector": [22.11128, -17.67415, -8.05251]
						},
						"6.5": {
							"vector": [33.65, -17.67, -14.15]
						},
						"6.6333": {
							"vector": [39.71128, -17.67415, -20.25251]
						},
						"6.8": {
							"vector": [37.17, -5.07, -21.86]
						},
						"6.9": {
							"vector": [25.68, 6.91, -19.1]
						},
						"7.0": {
							"vector": [14.13, 9.92, -15.38]
						},
						"7.1": {
							"vector": [-0.58107, 5.56477, -4.98107]
						},
						"7.2667": {
							"vector": [-5.94, -2.34, -3.94]
						},
						"7.4333": {
							"vector": [4.23, -0.17, -1.97]
						},
						"7.6333": {
							"vector": [0.8, 0, 0]
						}
					},