{
	"format_version": "1.8.0",
	"animations": {
		"animation.model.draw": {
			"loop": true,
			"animation_length": 0.7,
			"bones": {
				"main": {
					"rotation": {
						"0.0": {
							"vector": [35, -57.5, 0]
						},
						"0.15": {
							"vector": [15.88581, -38.54469, 1.45084]
						},
						"0.25": {
							"vector": [5.68591, -21.79426, -6.91574]
						},
						"0.35": {
							"vector": [-9.20121, -1.98796, -10.20041]
						},
						"0.45": {
							"vector": [-7.95217, 1.94291, -4.92621]
						},
						"0.55": {
							"vector": [-3.264, 1.78446, -2.02121]
						},
						"0.65": {
							"vector": [0, 0, 0]
						}
					},
					"position": {
						"0.0": {
							"vector": [0, -15, 0]
						},
						"0.25": {
							"vector": [0, 0, 0]
						},
						"0.5": {
							"vector": [1, 0, 0]
						},
						"0.65": {
							"vector": [0, 0, 0]
						}
					}
				},
				"leftarm": {
					"rotation": {
						"vector": [0, 0, 0]
					},
					"position": {
						"vector": [0, 0, 0]
					}
				}
			}
		},
		"animation.model.fire": {
			"loop": true,
			"animation_length": 0.85,
			"bones": {
				"main": {
					"rotation": {
						"0.0": {
							"vector": [0, 0, 0]
						},
						"0.05": {
							"vector": [3.28542, 1.05432, 5.4478]
						},
						"0.15": {
							"vector": [0, 0, 0]
						},
						"0.2": {
							"vector": [-2.47178, 0.65182, 4.95744]
						},
						"0.25": {
							"vector": [-2.43432, 0.78025, 7.95492]
						},
						"0.3": {
							"vector": [-2.47178, 0.65182, 4.95744]
						},
						"0.4": {
							"vector": [-4.12276, 1.09669, 10.58317]
						},
						"0.5": {
							"vector": [-2.44103, 0.75898, 7.45533]
						},
						"0.65": {
							"vector": [0.85185, 0.34317, 3.37091]
						},
						"0.75": {
							"vector": [0, 0, 0]
						}
					},
					"position": {
						"0.0": {
							"vector": [0, 0, 0]
						},
						"0.05": {
							"vector": [0, 0.8, 2.375]
						},
						"0.1": {
							"vector": [0, 0, 0]
						},
						"0.2": {
							"vector": [0, 0, 0]
						},
						"0.3": {
							"vector": [0, 0, 0]
						},
						"0.4": {
							"vector": [0, 0, 2]
						},
						"0.5": {
							"vector": [0, 0, 0]
						},
						"0.75": {
							"vector": [0, 0, 0]
						}
					}
				},
				"leftarm": {
					"rotation": {
						"0.3": {
							"vector": [0, 0, 0]
						},
						"0.35": {
							"vector": [-10, 0, 0]
						},
						"0.6": {
							"vector": [-10, 0, 0]
						},
						"0.7": {
							"vector": [0, 0, 0]
						}
					},
					"position": {
						"0.3": {
							"vector": [0, 0, 0]
						},
						"0.35": {
							"vector": [0, -2, 5]
						},
						"0.6": {
							"vector": [0, -2, 5]
						},
						"0.7": {
							"vector": [0, 0, 0]
						}
					}
				},
				"action": {
					"position": {
						"0.3": {
							"vector": [0, 0, 0]
						},
						"0.35": {
							"vector": [0, 0, 6]
						},
						"0.6": {
							"vector": [0, 0, 6]
						},
						"0.7": {
							"vector": [0, 0, 0]
						}
					}
				},
				"pump": {
					"position": {
						"0.3": {
							"vector": [0, 0, 0]
						},
						"0.35": {
							"vector": [0, 0, 8]
						},
						"0.4": {
							"vector": [0, 0, 8]
						},
						"0.6": {
							"vector": [0, 0, 8]
						},
						"0.7": {
							"vector": [0, 0, 0]
						}
					}
				}
			},
			"sound_effects": {
				"0.35": {
					"effect": "pump1"
				},
				"0.65": {
					"effect": "pump2"
				}
			}
		},
		"animation.model.inspect": {
			"loop": true,
			"animation_length": 3.3,
			"bones": {
				"main": {
					"rotation": {
						"0.0": {
							"vector": [0, 0, 0]
						},
						"0.2": {
							"vector": [-18.04535, -18.21852, -13.53878]
						},
						"0.3": {
							"vector": [-13.55271, -15.91543, -14.55617]
						},
						"0.75": {
							"vector": [-17.37963, -14.68671, -9.53115]
						},
						"1.0": {
							"vector": [-17.72371, 17.82617, 56.52108]
						},
						"1.2": {
							"vector": [-20.00727, 20.61884, 48.80149]
						},
						"1.55": {
							"vector": [-18.27293, 24.62148, 53.02818]
						},
						"1.65": {
							"vector": [-23.27293, 24.62148, 53.02818]
						},
						"1.9": {
							"vector": [-19.3376, 23.81545, 50.43323]
						},
						"2.25": {
							"vector": [-23.27293, 24.62148, 53.02818]
						},
						"2.55": {
							"vector": [-15.96228, 23.18279, 45.92844]
						},
						"2.9": {
							"vector": [0, 0, 0]
						}
					},
					"position": {
						"0.0": {
							"vector": [0, 0, 0]
						},
						"0.2": {
							"vector": [-1.67, 2.61, 0]
						},
						"0.35": {
							"vector": [-1.7, 1.6, 0]
						},
						"0.75": {
							"vector": [-2.1, 2.2, 0]
						},
						"1.1": {
							"vector": [-0.1, 1.2, 0]
						},
						"1.55": {
							"vector": [-0.1, 1.2, 0]
						},
						"1.65": {
							"vector": [-0.1, -0.8, 1]
						},
						"2.25": {
							"vector": [-0.1, -0.8, 1]
						},
						"2.4": {
							"vector": [-0.1, 0.2, -1]
						},
						"2.9": {
							"vector": [0, 0, 0]
						}
					}
				},
				"leftarm": {
					"rotation": {
						"1.55": {
							"vector": [0, 0, 0]
						},
						"1.65": {
							"vector": [-15, 0, 0]
						},
						"2.25": {
							"vector": [-15, 0, 0]
						},
						"2.35": {
							"vector": [0, 0, 0]
						}
					},
					"position": {
						"1.55": {
							"vector": [0, 0, 0]
						},
						"1.65": {
							"vector": [3, -3, 2]
						},
						"2.25": {
							"vector": [3, -3, 2]
						},
						"2.35": {
							"vector": [0, 0, 0]
						}
					}
				},
				"action": {
					"rotation": {
						"1.55": {
							"vector": [0, 0, 0]
						},
						"2.35": {
							"vector": [0, 0, 0]
						}
					},
					"position": {
						"1.55": {
							"vector": [0, 0, 0]
						},
						"1.65": {
							"vector": [0, 0, 5]
						},
						"2.25": {
							"vector": [0, 0, 5]
						},
						"2.35": {
							"vector": [0, 0, 0]
						}
					}
				},
				"pump": {
					"rotation": {
						"1.55": {
							"vector": [0, 0, 0]
						},
						"2.35": {
							"vector": [0, 0, 0]
						}
					},
					"position": {
						"1.55": {
							"vector": [0, 0, 0]
						},
						"1.65": {
							"vector": [0, 0, 5]
						},
						"2.25": {
							"vector": [0, 0, 5]
						},
						"2.35": {
							"vector": [0, 0, 0]
						}
					}
				},
				"shell": {
					"position": {
						"vector": [0.3, 2.4, -6]
					}
				}
			},
			"sound_effects": {
				"0.0": {
					"effect": "inspect_up"
				},
				"0.4": {
					"effect": "inspect_foley"
				},
				"0.65": {
					"effect": "inspect_turn"
				},
				"1.45": {
					"effect": "pump1"
				},
				"2.25": {
					"effect": "pump2"
				},
				"3.25": {
					"effect": "inspect_down"
				}
			}
		},
		"animation.model.prepare": {
			"loop": true,
			"animation_length": 0.5,
			"bones": {
				"main": {
					"rotation": {
						"0.0": {
							"vector": [0, 0, 0]
						},
						"0.15": {
							"vector": [-5.4739, -3.46861, -24.15403]
						},
						"0.4": {
							"vector": [6.85852, -7.40966, -41.6817]
						}
					},
					"position": {
						"0.0": {
							"vector": [0, 0, 0]
						},
						"0.15": {
							"vector": [-0.9, 0.6, 0]
						},
						"0.3": {
							"vector": [0, 0, 0]
						},
						"0.4": {
							"vector": [1, 2, 0]
						}
					}
				},
				"leftarm": {
					"rotation": {
						"0.0": {
							"vector": [0, 0, 0]
						},
						"0.2": {
							"vector": [-2.5, 17.5, 22.5]
						},
						"0.3": {
							"vector": [8.11562, 8.8659, 22.34067]
						}
					},
					"position": {
						"0.0": {
							"vector": [0, 0, 0]
						},
						"0.25": {
							"vector": [-4, 0.6, 18]
						}
					}
				}
			},
			"sound_effects": {
				"0.0": {
					"effect": "foley_start"
				}
			}
		},
		"animation.model.preparealt": {
			"loop": true,
			"animation_length": 0.5,
			"bones": {
				"main": {
					"rotation": {
						"0.0": {
							"vector": [0, 0, 0]
						},
						"0.15": {
							"vector": [-5.4739, -3.46861, -24.15403]
						},
						"0.4": {
							"vector": [-0.5286, -7.83286, -24.03788]
						}
					},